label,sites,sse,t_fit,iters,exc_max,acf_max
Base 16x14,224,70764.28922837827,0.06308839600001193,12,0.26249999999999984,0.6783899552090864
High 24x21,504,160005.24845275952,0.143207603999997,11,0.2709999999999997,0.6382530741700363
